Date,favioriate,share,comment,save,Dan,Bofang
202205,9840,6147,51568,27478,26664,3977392
202204,63748,29334,102756,163856,67781,18771860
202203,73055,32824,219762,170561,442537,21083510
202202,43922,31359,162060,114912,105170,20614948
202201,10203,8067,33588,28214,14112,7682048
202112,52504,30609,163952,191465,88349,31025071
202111,19592,18602,68390,60017,66123,10217386
202109,32054,22219,217896,101077,72396,14560403
202108,29832,20813,126938,49637,48104,10986096
202107,53895,42324,275039,134385,96563,23574119
202106,52363,93724,434649,142127,98428,25649979
202105,87937,25208,209237,152596,83110,26520083
202104,52914,28349,184585,140702,59977,21034716
202103,38177,20432,130080,80473,52621,15775311
202102,38265,17860,122355,103036,63755,18822110
202101,41073,14709,110377,94463,52849,20688379
202012,37345,18777,123940,99132,58304,15670932
202011,44612,12615,90450,58685,39807,12751737
202010,12813,6712,46420,25289,22960,5802333
202009,20399,11954,86782,40683,52572,9083884
202008,6107,7601,33866,13671,19123,3494680
202007,38719,24033,89732,47070,46888,9151957
202006,15653,10214,58443,29062,28876,4955350
202005,14640,8684,54374,26151,21242,4958032
202004,9821,5623,36839,19050,11574,2886205
202003,2221,2655,8181,8303,2004,949231
202002,13842,12373,38720,24512,16972,3443429
202001,19968,13508,47168,43551,11902,9391542
201912,6890,4506,16479,11031,4273,2481150
202205,10492,11238,70569,29103,19998,3368010
202204,34732,40440,251353,78709,45696,9075888
202203,24917,31623,224990,75144,61481,10619040
202202,90330,35953,858627,235595,221414,17204950
202201,140537,54550,776563,301981,153361,23654140
202112,41958,47859,317288,104838,85496,16205839
202111,20475,34561,242491,73926,88754,14657606
202110,35345,36850,224480,86780,75981,10740551
202109,43470,36232,299977,130695,105404,12035851
202108,75362,74443,499304,194774,258000,21589052
202107,71649,39283,431955,179670,103666,17510517
202106,102861,52231,428844,214981,114361,18470321
202105,38152,29396,265859,106729,82918,11591135
202104,39885,55402,301930,132892,102440,14264060
202103,49420,53168,364826,145818,97500,12777086
202101,97484,71053,722268,292326,207255,27087518
202012,80779,62174,582841,241298,154660,19938213
202011,91765,50794,427725,156121,145591,18628929
202010,151331,82230,841794,345023,215475,26453626
202009,59660,90320,572430,209930,209465,20720177
202008,200742,136463,1453662,528558,381037,28146125
202006,189271,131644,1054042,555386,511000,38977265
202005,124960,163596,910933,336761,326139,27699245
202004,502447,215091,2692681,1245904,752323,47778463
202003,262466,178181,2584310,693704,388629,44432071
202204,480677,40085,11424,210266,74581,26809
202203,242475,12156,6744,167332,48111,25134
202109,279422,15334,7240,101302,37723,104261
202105,338940,18310,9163,101996,38230,30392
202103,221625,4075,2540,65518,27122,14314
202102,673704,48755,15586,194431,110803,54702
202101,601735,29385,8223,240849,107383,38598
202012,875852,40828,15391,562148,162165,110001
202011,349469,16747,5601,125582,42902,80912
202010,403613,16349,7410,161993,63251,47414
202009,1343297,99515,26437,811570,350265,96457
202008,1210907,112351,41926,467705,178784,171260
202007,947090,113281,29970,326166,132940,191549
202006,521884,33094,13564,141027,55711,81647
202005,1118909,171841,27866,703297,550174,116602
202002,328853,54003,12246,262032,90890,64425
202001,454607,130353,10126,341448,127126,38839
201912,382227,56448,10101,288563,107480,39201
201911,591014,139357,17616,420930,188945,86705
201910,383480,110676,12179,277344,132041,44145
201909,24178,1186,841,4161,2033,2883
201908,85405,8035,2122,24289,13849,10191
201907,49609,5405,754,15922,6924,2475
201906,12533,598,362,3115,1293,1452
201905,14463,914,566,3073,1977,1356
201904,34318,3308,1060,8132,5677,2758
201903,8769,862,462,1728,993,804
201902,6377,993,408,1302,819,1946
201901,18505,2650,984,3969,2810,2619
201812,18555,11040,1016,5374,4378,2075
201811,7568,501,173,1080,950,215
201810,21054,1743,557,2676,2089,1231
201809,4528,599,134,886,390,240
201808,1520,207,66,351,183,116
201807,8080,962,193,1449,1342,753
201806,9534,1291,264,1704,2418,1219
201805,9003,586,217,869,653,744
201804,16810,961,291,2378,1771,2826
201803,1752,200,63,284,213,1058
201802,1481,176,46,344,121,220
201712,2603,159,96,238,147,127
202205,21777,10650,244540,86672,34917,5586700
202204,8451,9045,79450,28780,14829,3027672
202203,46660,19600,236755,142527,49355,7346481
202202,46663,11090,228007,96986,26416,8586680
202201,96492,18117,404322,206982,42735,11998810
202112,114764,25004,383362,276362,54130,16286342
202111,182060,36158,530534,296600,90429,15189145
202110,86488,20226,384456,182516,49621,13229603
202109,111739,24130,394612,270660,46113,11390661
202108,77567,26510,469493,209842,78660,11199321
202107,55759,18277,292811,122875,37152,9774461
202106,17623,13796,245426,90079,38472,7936263
202104,58094,16466,272643,157629,28022,8016022
202103,156004,22148,686171,312610,43465,12748872
202102,46739,13568,363930,153239,27397,7937242
202101,177648,30439,630490,325994,92356,16915216
202012,52867,24580,400347,160035,80475,12262694
202011,66747,19550,435849,155325,74434,9610439
202010,75452,17475,241400,137044,31717,6505434
202009,73243,12938,274864,148335,27312,6325763
202008,135932,27627,555830,236738,87089,12015059
202007,54524,14020,246967,178306,49907,5740837
202006,24746,11547,215019,71996,38155,5519995
202005,23607,22181,242767,101043,56617,6056754
202004,223733,43272,669261,305064,128254,10292169
202003,31458,16562,181752,58808,59938,4766771
202002,13756,9499,136472,71805,32563,3638554
201912,18035,10259,140760,63466,46823,4393579
201911,19527,10108,146245,86968,45695,3260971
201910,19132,13407,187498,106547,59103,4237985
201909,41262,15334,218501,213297,69173,6510340
201908,17122,17816,143096,119998,63167,4927254
201907,9001,9616,121309,70702,50246,2771910
201906,12357,9941,122084,92053,50748,2175856
201905,12523,8082,93968,97981,18573,1722591
202205,37978,27365,96052,51027,17152,4690553
202204,93323,54159,587080,301628,58587,22472658
202203,67121,54815,231575,122183,53928,17133243
202202,48068,14843,124094,92216,19932,8174996
202112,123177,76389,330278,221554,123414,19432042
202111,120303,55978,271456,151361,48469,13445751
202110,68653,40347,648570,256224,72142,15353333
202109,53195,75950,233347,127355,86814,12398926
202108,45919,34165,151035,79251,46710,11628845
202107,69251,32126,173108,99806,37446,11594291
202106,54813,26267,189866,151199,43494,12178563
202105,88012,39401,298845,129242,84385,15805388
202104,117918,49907,319704,198521,61975,15319994
202103,52000,29136,185872,98959,45714,12087792
202102,69450,42947,338137,165544,320646,17570005
202101,57914,33734,173908,93516,46325,13033133
202012,121839,59120,298717,177318,91755,21419332
202011,166904,85058,380507,195023,146529,19468432
202010,144285,62246,556816,247284,110416,22602010
202009,107889,43431,314979,187928,68963,14558009
202008,170932,90144,601119,302442,138326,23819843
202007,235732,80862,460014,240093,144668,22615593
202006,251508,92689,658427,375472,200558,21381937
202005,331892,196480,1039459,432747,320366,24474604
202004,347484,129711,2016530,940179,439289,36820199
202003,539242,101318,1350194,583643,369264,31517926
202002,895915,92664,1636882,714893,264776,31385027
202001,697731,62409,1843979,931563,118551,23883999
201912,19108,8762,93669,34850,22013,4083088
,,,,,,
202205,74453,30840,654145,102148,94869,8803081
202204,6700,4883,23400,9429,5062,2815388
202203,18321,13756,86130,32390,40756,10517252
202201,66645,41018,228998,65362,74022,13662995
202112,48113,21431,259124,51975,66500,6475813
202111,216402,50762,875689,191985,117556,17229784
202110,538820,24832,15533,109799,24496,67199
202109,181815,44062,733839,138236,143714,18059030
202108,23524,20443,92192,19887,42086,4895121
202107,27766,22969,294666,50505,70862,9218713
202106,43852,11903,600270,100299,51517,7323313
202105,38681,15567,209419,41066,53128,7627033
202104,140447,32738,946309,200428,105295,16464839
202103,50763,30029,352628,64085,68340,12706178
202102,11323,13345,87455,20962,22709,6336892
202101,68496,33335,548628,108041,96205,12084510
202012,128942,35222,558164,129862,125105,15207503
202011,66955,30978,252862,61579,57303,16822848
202010,480338,39305,14253,108468,22031,33956
202009,103947,46336,669339,198625,141973,29135832
202008,84390,21672,196442,49890,58939,10187135
202007,127240,38324,424248,86799,101140,16523895
202006,151669,45043,653253,142244,101740,24177326
202005,113414,38476,421066,94877,87182,16652655
202004,197844,40523,533138,148415,71325,16807145
202003,131731,53506,488558,112408,163707,19269076
202002,171695,32619,435571,105919,100154,15677593
202001,29547,8893,169978,33467,34465,5848332
201912,59534,19349,174846,39384,32249,11599065
201911,121996,26504,221169,54290,48765,14590753
201910,20133,14209,88179,19769,37051,9631922
201909,31863,19971,163895,40958,30943,13562649
201908,135820,28037,223404,57654,41152,11803935
201907,119365,32932,454035,105007,68027,17621372
201906,280832,44813,592857,175796,80630,23437068
201905,28961,19583,123662,29472,27862,12389412
201904,147613,27632,261327,76505,36010,17215855
201903,71185,24471,155165,44130,32956,13318589
201902,13852,7617,57948,14922,11644,5390634
201901,31482,12913,87519,19824,14005,7150400
201812,32885,17910,103314,21788,23585,10429748
201811,66304,19071,109862,29790,23691,14208270
201810,117346,28189,203606,48252,32249,20249475
201809,78204,14746,107533,28266,15008,9688011
202205,9084,2692,9593,7608,1192,2131850
202204,14563,7405,87150,30083,12141,5298556
202203,107219,12941,162002,72380,19512,10620114
202202,26832,8049,45013,27682,6451,6601045
202201,104161,16889,92852,83131,15544,16798019
202112,64203,15401,171657,90917,23852,16210961
202111,37938,10055,107323,62279,12975,8900279
202110,20961,9324,15808,29876,5448,3941155
202109,32867,12640,56394,33979,16765,8743233
202108,36704,11261,84535,46538,12742,9311922
202106,11360,7509,26410,19454,4870,5467941
202105,81218,11938,167209,76761,11739,7840306
202104,18131,8123,53889,31383,10213,6552933
202103,27903,7216,89915,49353,11111,8155459
202102,46389,10971,133349,49579,15140,7129467
202101,6930,3630,25726,17484,7610,5287014
202012,22768,7428,66355,32494,13113,4554673
202011,14456,2840,39553,13594,4092,3201201
202010,2240,1582,13169,8452,9550,1679551
202009,47889,19886,631828,152042,51433,7958103
202003,3192,4600,18253,8822,6825,3034589
202002,11567,4951,27863,13987,28346,3737091
202001,14081,5502,273480,42448,25106,6141091
201912,5825,1780,68585,11761,4224,3227868
201911,70103,23482,371046,81711,72029,9910752
201910,5660,1156,12789,7399,6660,2455224
201909,81485,23144,228645,96391,68851,15102338
201908,43735,17276,95768,53141,29130,7705193
201907,11288,8458,86663,33954,24870,7742959
201906,12532,12415,54050,21240,13787,5718070
201905,61758,14356,328685,138639,34017,10774306
201904,14126,6290,52416,30435,27017,4424417
201903,42766,10612,91074,44206,20099,4854350
201902,24572,12403,92933,31700,34627,6765967
201901,77772,14712,191772,56405,35567,6207776
201812,25065,22963,109999,34885,44362,4901720
201811,13445,4295,33912,10386,12319,2614865
201810,15028,11732,78088,23023,27905,5008776
201809,41731,29976,155843,54982,131529,10898391
201807,31801,14730,50342,17611,23373,4500236
201806,41188,15768,143814,48287,53523,6792732
201805,54335,8233,51307,22449,40371,3977643
201804,27997,22614,116801,37482,55394,7677301
201803,569,5597,9817,1559,1266,1623913
201802,42808,25429,125476,34655,90690,5789210
201801,17341,14620,61450,17227,29963,5420742
201712,61066,32176,107686,48188,87004,6047818
201711,64879,16356,103569,35390,43312,7238549
201710,42312,16893,103788,32460,58874,7545171
201709,91660,49085,176216,89098,132702,14135867
201708,28721,30960,127774,45603,64937,9460113
201707,23191,45045,96109,31579,68620,9546520
201706,22436,19460,49876,27928,71974,4455191
201705,53442,59773,201128,91508,107307,11893692
201704,58578,31826,204814,89048,97711,11814296
201703,44794,18552,109334,77694,39592,8631037
201702,41380,27502,68053,30738,78627,7070000
201701,52834,32739,189685,74625,86568,9265272
201612,32376,45455,150394,77107,111438,16967023
201611,31400,29966,96920,56594,113542,11288313
201610,58051,51625,203168,102315,202703,17846332
201609,24401,28889,100695,65237,101191,13365822
201608,35577,41412,133733,87698,109150,14946977
201607,35947,42211,131216,98610,157996,16598910
201606,39552,32596,99698,71503,103320,14526107
201605,37904,30947,141093,66835,127255,13696898
201604,50918,61988,221112,90813,69232,16862137
201603,34413,26623,83899,39105,11443,7837875
201602,110835,21415,140919,110016,26145,13811320
201601,16009,2043,15674,14437,25048,4965991
201512,4797,3089,12806,13028,8378,6001680
201511,15281,9973,31326,28944,18635,10711907
202205,1356068,19444,24430,643930,173790,142292
202204,2305101,58375,40119,1315472,333842,362621
202203,762535,9812,12525,296661,127870,84325
202202,561656,6766,9888,141638,55430,42568
202201,1121366,30121,22915,352165,142997,106152
202112,1519604,24608,19312,348068,127951,120170
202111,998924,14356,14155,384220,116518,149591
202110,56655,41879,927768,290895,283603,28184340
202109,1116947,26222,20389,299976,115733,97919
202108,20547,22318,288370,111118,123787,12086868
202107,2033887,52787,70235,576616,238468,165491
202106,1141649,29336,18098,287188,115007,90094
202105,48979,20640,365776,147408,106030,15084109
202104,2494570,177395,35796,1025083,372551,175252
202103,869748,16541,11146,223854,85739,69980
202102,1126680,15586,29633,378047,134121,93416
202101,1330610,31082,15816,319686,133029,92732
202012,1000845,23093,9731,282596,121026,61212
202011,586051,21989,7151,137767,67324,44520
202010,2070493,54922,17520,492410,218966,148240
202009,1965659,46909,48206,977757,243128,539590
202008,1527105,22804,81768,941153,122871,815674
202007,580100,10161,23027,210201,57534,98359
202006,1581785,21374,27437,326169,165837,191474
202005,1956282,30844,50905,466233,231293,472049
202004,1585853,25877,43653,488547,195331,249388
202003,2254057,88883,59734,537768,245898,599986
202002,1051748,31847,29439,203972,99875,237217
202001,1168036,81354,13453,268404,152008,177847
201912,532127,13930,11572,101835,55892,81915
201911,778672,61370,13884,255982,135554,231650
201910,594569,14018,10366,135097,65416,95667
201909,1208431,52506,18766,281593,153107,221431
201908,899871,22025,30173,363320,127901,245478
201907,839015,23851,26492,338185,124758,243773
201906,595271,14189,24505,161126,69325,159843
201905,1056282,33260,38600,338015,148177,226222
201904,791501,25776,27179,250530,130094,178617
201903,1024977,60078,47860,246244,167629,271867
201902,1317091,112615,47841,678279,215543,282011
201901,936035,40251,39593,192993,92178,166287
201812,739622,134958,22727,211136,194921,241366
201811,309060,71930,12596,93918,107338,177231
201810,410422,51860,22171,163000,78623,168909
201809,167643,6043,12195,37478,22649,101003
201808,259115,13051,19245,75146,45812,104638
201807,34578,4339,1299,7185,8160,14547
201806,20142,852,652,5773,2879,4164
201805,15197,761,790,3939,3286,5998
201804,21177,2066,1274,7868,4189,6853
201802,4157,77,399,1034,446,1419
201801,30673,2759,1850,8400,5761,10695
201712,30747,1512,1381,5824,5623,12960
201711,57182,1168,2186,8879,7563,17835
201710,16001,1378,350,1566,3301,3599
201611,2888,23,287,319,297,293
201610,19219,290,2266,2035,1999,7428
202205,12579,5042,35160,19387,8472,2352837
202204,17167,13443,210955,48947,38563,10764511
202203,37459,20056,584074,132362,41312,12943386
202202,8239,5683,198101,42451,31035,11039662
202201,71388,12651,151254,86707,33889,9810506
202112,10526,12318,225166,48811,32729,10360870
202111,9273,16049,240767,52067,45844,13408370
202110,10296,20772,220042,47736,42330,10835352
202109,6254,11561,95004,26047,25455,8101335
202108,13855,18534,217114,45388,46676,9266427
202107,13253,58442,283677,67671,51045,14067454
202106,26706,35942,2452890,419330,64446,16034940
202105,9269,22293,220413,55962,36897,14288200
202104,9893,11019,124767,30090,22200,6867785
202103,18055,26069,249165,62985,63124,12731238
202102,25389,53128,638639,152230,112932,25541336
202101,2044,8479,58886,15878,14989,3806777
202012,5035,6761,87648,21931,15979,3686296
202011,30303,22242,696677,135100,34692,8233193
202010,16670,74717,265854,81877,79743,21582131
202009,15831,19467,289738,79329,49674,13645446
202008,44627,83782,1337100,275310,293754,30639787
202007,47219,52958,1260833,237825,109703,18408637
202005,33564,119964,979787,178903,188729,35135449
202004,90590,178371,2009013,452014,640434,58975554
202003,115610,138342,1507879,320914,470986,53385432
202002,14091,45080,556884,108971,180445,9838875
202001,64380,82591,973602,256109,191908,49679816
201912,54025,82861,1489724,307132,304848,52643641
201911,92334,82776,1316196,280957,230080,59559464
201910,112278,156690,2148590,426641,447120,72186889
201909,108140,165261,1374724,327281,307662,56724426
201908,322156,551100,9070196,2322152,1211185,62919101
201907,130203,126705,3064765,687074,516540,89993262
201906,52415,85283,750763,199090,249289,53690919
201905,85831,113270,861960,222630,260462,64422220
201904,23313,60280,510227,135773,139631,41228249
201903,30633,86843,354110,115469,152438,38728577
201902,45550,60757,293954,88054,140041,27799001
201901,31478,63258,208447,66957,131365,31012859
201812,33451,53426,329413,63485,92288,23259188
201811,32188,43636,181837,57785,80965,21660091
201810,11691,34257,167772,35689,68605,14638595
201809,12168,25342,137605,14762,60486,8746168
202205,6492,7889,24481,8747,15699,2061883
202204,18064,28828,90658,26099,47733,8578598
202203,8400,14676,56866,21502,55224,7611435
202202,13895,14108,59287,22856,33094,6304814
202112,10004,7776,45511,18175,20797,4246394
202111,15467,14536,60151,19632,32086,5483531
202110,13536,17839,96441,28684,45775,7806836
202109,73029,31016,141691,64702,65518,10958004
202108,3606,6787,24043,7688,11545,1971495
202107,13109,15377,88007,20332,47965,5211436
202106,536794,12829,17907,124668,30097,31395
202105,5747,9133,112691,26814,34173,5736744
202104,18519,35708,130397,35829,74296,10396861
202103,28822,30634,341753,66480,91174,10766511
202102,27097,35618,284613,59109,86297,9831878
202101,92502,44206,271334,78998,124508,14935768
202012,21532,24748,135064,39514,69766,10757093
202011,47205,31437,234279,53638,74959,10791124
202010,50730,33179,223566,62272,124249,15217758
202009,19090,26930,142397,37736,60319,11356908
202008,35317,52243,321093,84475,156677,18201329
202007,28315,41345,186315,58001,182453,16832006
202006,77568,74778,450222,139609,214884,25016999
202005,137919,96440,446649,134235,230898,22360959
202004,145318,111902,626893,153332,284710,23260841
202003,94644,86617,247523,69078,175209,17183466
202002,41517,26851,168084,44300,84057,8299700
202001,43896,34787,386677,89297,95183,16657766
201912,29587,30831,176688,47783,87273,14468416
201911,31156,24979,112250,34531,76252,11978655
201910,32649,42975,286999,63819,74738,12716725
201909,18127,67740,148084,41081,133013,12623701
201908,115084,75123,458183,135940,253732,28563996
201907,11385,35151,332285,57806,89079,13037599
201905,27639,44406,119121,37082,86460,14588095
201904,59080,96647,235472,67281,244499,29131019
201903,19297,33283,148039,34825,102054,14486607
201902,23122,33904,107819,34142,61229,9356160
201901,28470,46478,133162,35765,83019,12362071
201812,32555,57342,227368,71581,124044,20246662
201811,43740,54497,157026,53452,102707,18826864
201810,16326,26411,99234,22262,63766,11231596
201809,21778,64558,126893,35806,142891,17063688
201808,20620,56791,135715,32585,145238,16290832
201807,19953,54024,161849,30623,162549,13824804
201806,32574,102078,415712,63318,217038,19786004
201805,15333,53423,118455,26161,109367,13700523
201804,33365,71862,190927,46226,241125,24478677
201803,18871,149379,173905,41754,166479,19544155
201802,10190,31042,93726,15047,106138,6302966
201801,21406,103873,393056,58554,170528,15594854
201712,29868,50601,194729,59042,188663,15795883
201711,15162,38592,104739,34093,169677,20052220
201710,16289,38151,124796,34990,151133,13052350
201709,7949,21130,66393,23090,108042,9837823
201708,13187,18552,51740,26502,65359,8928236
201707,2550,3802,13977,4328,10401,1270267
202205,286862,8417,13194,88656,39669,13055
202204,367844,32663,22561,152363,57995,30841
202203,533402,21678,21457,181559,90877,23380
202202,419243,17440,13088,163576,75252,39308
202201,750381,30059,32687,268911,105221,42400
202112,340222,11770,19223,152747,62556,14390
202111,510273,23871,29514,181865,121408,33487
202110,496583,12160,11693,145906,69416,20511
202109,492174,10956,13645,129028,65456,20310
202108,631315,27698,32696,223526,97594,42999
202107,689644,24801,26226,202399,113574,36383
202106,416039,8673,21225,116144,58283,22682
202105,306751,10859,16078,103692,47592,14162
202104,812390,111512,66686,423924,185317,40013
202103,542509,20185,25005,191459,111091,24412
202102,457443,10661,24865,159006,80490,28520
202101,698959,22870,32893,259419,157590,31608
202012,492690,21316,15635,217433,98940,19920
202011,463499,40245,16896,193492,91793,27471
202010,948484,82499,38902,542721,233863,56202
202009,17431,31850,323233,146796,59154,10539618
202008,1068764,36794,38923,438053,195483,82014
202007,285450,9189,6578,136438,52091,21417
202006,161240,4613,8026,77676,34649,9537
202005,294460,7286,13038,103939,53290,21502
202004,252235,12109,7991,110294,49304,21731
202003,307035,25825,21842,162421,99870,42540
202002,151389,64136,1206192,418759,114845,12824536
202001,208486,8744,11964,118459,63388,25360
201912,136779,3128,5332,90632,38430,8937
201911,93202,5221,5257,46010,25395,6675
201910,161592,12161,11037,131714,56892,13546
201909,167807,7550,15928,111674,46275,17155
201908,409486,30448,12168,453841,210922,41537
201907,307379,6910,9821,246236,112022,22990
201906,346965,17008,14872,291523,138606,25269
201905,192969,5774,7700,164699,78337,11705
201904,191584,6828,12179,179283,81314,13655
201903,265879,9662,8685,244150,116309,19113
201902,154760,8952,10381,140370,67101,10535
201901,288499,17342,11851,300534,147373,36302
201812,78591,2252,6281,80239,32228,6663
201811,34885,820,1894,46478,19536,3850
201810,28797,1311,3223,35797,14359,4750
201809,46335,4655,9188,53253,24283,9156
201808,45477,2690,7144,55248,27678,13372
201806,26030,1544,39847,31695,9789,11885
201804,7746,540,8806,5977,2473,3278
201802,208223,22212,45663,289126,133545,35787
201801,195228,19827,20489,287720,167435,35187
201712,30129,5687,11936,56824,28020,11464
201711,2425,392,749,2054,685,2002
201710,13879,3651,9439,51190,34987,11848
201709,37580,12100,7186,42619,45181,16491
201708,35348,10444,11820,66469,63686,29848
201707,6253,7779,15409,73606,69739,30047
201706,59123,27940,17577,155111,143242,44780
201705,10325,8755,10452,41838,32755,14500
201704,9935,4210,7699,47416,38562,9902
201703,20628,6914,4304,39481,36294,14657
201702,28893,13130,21478,125292,57836,26179
201701,5351,3559,17364,44220,30712,14508
201611,453,352,829,1767,526,4780
201610,3194,1530,6859,77092,29022,14406
201609,8392,5282,8861,36440,16520,21102
201607,5253,4579,9997,29241,10684,20225
201606,44718,28943,5030,53228,60193,44958
201604,1929,1659,2461,10489,6972,8735
201603,328,309,433,764,632,1489
201602,2386,1676,3157,16568,7453,6583
201601,3089,4625,3443,32973,16187,16764
201512,2382,1780,1772,4791,5288,8018
201511,20474,10616,6787,20235,24232,30191
201509,1057,336,1436,2672,2733,6883
201508,20690,1656,5226,16412,21630,70562
201507,3315,2758,5163,12700,12622,27399
201506,683,95,1085,2272,2353,17470
201505,1586,990,1355,3059,4403,10154
201504,1638,1303,3101,8881,6167,14042
201503,14045,6155,4354,68160,38743,33682
201502,491,219,501,1250,992,4261
201501,581,318,112,1056,4661,386
201411,2200,756,1037,5670,4061,18324
201410,2401,501,1014,5577,3656,4800
201408,571,120,104,338,687,523
201407,1739,619,632,2569,4592,40934
202205,16290,455,19257,17274,1375,1036905
202204,147020,13875,613085,322677,50311,13588862
202203,97779,6279,377667,188483,19741,7509787
202202,106618,9494,714310,307659,84742,10244590
202201,81131,12815,687618,305665,76887,10054751
202112,96802,8251,356854,194932,50991,9206669
202111,126645,10381,836446,328001,76345,12740027
202110,129153,15031,809533,381289,85598,16983808
202109,169054,18192,604966,259060,58740,10713358
202108,111284,9439,250043,114730,20823,6343857
202107,167026,12133,480656,211740,52278,9233483
202106,39665,21347,1271322,342621,89119,13235923
202105,41901,8878,513533,156012,34929,8095069
202104,62041,14394,934905,264435,75407,14448144
202103,31380,18493,939338,240355,53863,10727681
202102,122638,103737,3522890,800750,279648,30717804
202101,328938,99168,8582846,2227584,432364,64871823
202012,326052,49429,4898824,1506602,231309,61388556
202011,181251,18801,518290,301919,49107,25905869
202010,254919,28332,593498,456640,88324,24514217
202009,84845,15614,257116,261985,57370,14330762
202008,58174,21593,184017,175189,46064,12397257
202007,130461,15448,429718,287045,49145,16036998
202205,245126,5115,7841,66915,33730,6682
202204,498191,31811,14725,62283,39753,15907
202203,465774,14356,17228,99123,54735,17279
202202,693972,24136,13599,118983,62185,16008
202201,477949,20292,13573,74607,56476,18655
202112,581250,21403,23605,123974,66450,24640
202111,514178,30959,13337,100482,51171,13447
202110,640831,19992,12686,373784,129628,21144
202109,489264,9348,13824,73201,43625,34504
202108,660798,24246,18440,137897,59068,37032
202107,439102,10247,8727,100408,39402,20421
202106,554448,9565,12594,98464,53308,22213
202105,645903,7963,10237,199361,66076,20112
202104,610911,11548,10457,185912,75059,21667
202103,807599,16130,21088,239390,78903,28207
202102,792963,14111,13808,218814,99520,33262
202101,565417,24817,11490,186450,78082,28630
202012,515266,42707,17342,175805,69855,29716
202011,470275,28813,10230,156800,72569,33859
202010,524785,28023,10785,129172,68817,23223
202009,660119,39348,15411,263428,133919,54741
202008,668754,13345,16155,247374,107525,48974
202007,771469,25666,20915,287765,145550,66633
202006,498863,25022,20429,153509,92309,49551
202005,523120,15104,14848,157880,76987,47232
202004,654488,31824,18447,305042,135755,60141
202003,446113,20859,16884,153661,80502,51053
202002,414244,7199,14912,123656,55306,26576
202001,402090,22189,12538,240861,115761,28570
201912,529449,53573,12471,286588,134307,28479
201911,663953,60319,21787,525388,264932,37815
201910,448220,34713,20715,287784,135311,39757
201909,366144,34108,19815,151358,82827,39511
201908,537066,60816,48836,154049,111454,70930
201907,647538,56048,44415,317687,222625,89225
201906,296514,33654,29125,117000,68566,47948
201905,507036,47369,38697,271964,142318,82711
201904,1182990,543722,115519,968363,630575,178186
201903,444919,106323,41351,275046,125888,62080
201902,276929,16063,26160,182454,79429,38396
201901,303430,18727,16635,228670,101105,28360
201812,774806,175792,45113,923464,398029,102826
201811,298859,27573,19390,272734,105316,52754
201810,110285,10837,10329,87179,39905,21932
201809,106796,26480,14365,95682,44927,22101
201808,171538,38516,18806,241933,95891,33740
201807,183273,29864,28589,165295,68751,40184
201806,70192,49205,23994,67583,28851,40795
201805,126139,59009,38604,134393,83227,76036
201804,56954,14062,9694,82080,64637,24524
201803,97090,28255,16164,154073,70479,26718
201802,96142,7689,9428,133191,92989,20037
201801,15482,3726,2212,29278,25189,7129
201712,52516,16060,12689,117849,72079,38968
201711,75666,52620,22686,168684,113555,62807
201710,44053,12414,7605,141155,77581,21633
201709,35092,23480,12278,87037,108150,29740
201708,26758,13522,12163,59948,69051,37166
201707,36363,7519,9294,132641,84782,23875
201706,7249,3923,9001,15251,7316,15259
201705,11615,4373,5638,15098,10345,13155
201704,14111,8518,7439,29122,37610,15722
201703,31330,22969,7034,38430,41575,16795
201702,14884,5936,5874,22516,20033,14798
201701,22840,10728,6580,63236,39088,23978
201612,26321,12382,6930,39782,31610,18056
201611,26020,6400,4378,24482,17509,11958
201610,27835,6456,3274,28267,19410,11922
201609,16421,7778,2329,16925,13836,9068
201608,11044,6774,2261,33520,16578,9359
201607,3672,2039,808,6770,8257,3993
202205,499236,8339,8606,71967,30590,23959
202204,1115078,21714,25439,151965,80005,44061
202203,1120097,40573,50927,213028,89145,61129
202202,1029616,38918,26166,192733,110284,64871
202201,2035564,25334,50112,446618,154640,73826
202112,2030701,37131,40703,610373,192446,86062
202111,1960527,23706,39750,406045,138794,94164
202110,1764112,34538,36952,414413,157071,95791
202109,2421462,32134,36826,637174,181178,137176
202108,3300067,83172,67271,1287483,407733,183966
202107,2529749,28913,52644,511983,181188,110628
202106,2732214,29790,48313,543219,216272,152092
202105,2013049,22687,37348,398268,135372,108299
202104,1517037,27053,43881,499092,123283,91303
202103,2419719,37323,47991,577055,234698,114131
202102,2202840,34373,51405,689827,239265,149642
202101,2975698,42886,52520,715107,236335,152285
202012,3220903,64116,58016,1047461,295523,201401
202011,2775394,91267,47474,895733,264640,251708
202010,3602335,45087,46982,795423,300867,243890
202009,4631381,74301,72003,1406587,473793,318727
202008,5325355,79552,111127,1419361,501807,527773
202007,5465529,82827,93830,2445833,666329,495949
202006,3309535,54346,61424,877810,321077,230750
202005,3903076,133168,261458,1250876,486469,557594
202004,5370613,177287,124510,1977927,690312,777571
202003,5566738,204589,114738,2495990,973304,757001
202002,4116857,127423,92609,1920441,604450,482523
202001,4706663,189925,98707,3059209,971740,493152
201912,2491513,102828,54137,1298466,425089,276152
201911,2148447,54497,52975,1201596,446572,198373
201910,1834337,53657,75833,1126961,467867,203762
201909,919758,29348,60434,486438,223632,126121
201908,1078714,32287,69189,609103,287654,167338
201907,983944,22060,116814,539527,265665,117900
201906,1018441,39704,41410,723935,404964,137952
201905,275722,12490,11588,159479,62488,31503
201904,541283,20607,20751,382767,142255,50197
201903,261258,9710,10072,238653,83684,21999
201902,270398,12258,10882,235854,106100,32615
201901,425126,42730,16969,398514,136480,48612
201812,109943,5869,13890,96038,37961,13912
201811,132806,12353,11431,120869,68143,17412
201810,136899,5111,9723,155285,41293,29476
201809,146253,6755,20430,168471,48708,29957
201808,133533,8627,21477,162700,52190,53315
201807,125865,8278,12546,159197,47610,42719
201806,120188,14465,13885,228621,67106,36827
201805,128584,14866,7453,254717,69543,172130
201804,88010,10799,11811,166266,67374,28718
201803,153918,19685,20675,296233,127519,55206
201802,111559,7530,9267,210689,74341,43977
201801,177776,17967,26098,371630,134833,56531
201712,58063,13529,12854,147129,64153,44105
201711,35731,10896,7672,81278,56219,26537
201710,323002,44713,33403,595854,307525,97669
201709,89139,34357,12847,254635,185893,59027
201708,30896,8216,11061,78346,64313,38061
201707,41403,27037,24836,170141,140439,73746
201706,1976,5672,6679,49034,36876,27050
201705,9830,4912,7482,90730,46123,23198
201704,10140,8159,8883,101293,47217,25564
201703,17301,14382,10884,88262,92558,39590
201702,15186,19713,8239,77027,53253,28937
201701,8547,8259,3041,20392,28809,9431
201612,12878,5975,2886,36051,30933,9494
201608,12536,7519,4847,52142,37980,23388
201607,9882,3037,1929,18596,17531,2241
201602,6185,1306,725,6420,4499,979
202205,177719,4152,5476,70314,27982,12414
202204,667891,31053,27053,257717,114648,49376
202203,565652,17170,13329,183811,126329,37025
202202,835095,41785,30078,306461,203811,74632
202201,608141,24784,25261,266259,116316,38323
202112,634463,68332,26066,518392,254758,26014
202111,469567,11322,16244,136991,100424,21200
202110,534651,22374,24374,197818,93565,47302
202109,224583,6435,6786,49751,42782,15335
202108,788021,31476,27366,208278,149545,60111
202107,985558,42542,39086,413218,181686,60143
202106,563548,17401,24349,157186,108832,48401
202105,500875,18249,16697,175157,94723,36821
202104,511780,35810,36666,150800,87835,41656
202103,527614,33460,13864,232644,144039,33641
202102,667844,15855,35909,202395,101983,56281
202101,970315,49731,38373,394526,187504,50928
202012,606040,24578,22916,225028,97950,47890
202011,481159,35430,15762,300128,91950,48660
202010,758361,55038,20399,503947,250599,55146
202009,594777,12021,15212,179091,88252,42374
202008,1254340,81074,37765,494637,237817,96683
202007,1377126,57527,36196,601003,256531,162967
202006,1057148,28132,28454,371637,220701,101570
202005,537165,21804,29307,277972,133522,76897
202004,490463,11654,17888,128483,73947,56805
202003,666052,39081,25795,308115,130108,64605
202002,906600,25154,38403,397082,190746,117505
202001,736449,42366,21016,544767,228587,65581
201912,294422,17798,11444,158877,87594,26639
201911,474485,34197,26080,277498,141925,76597
201910,617390,15059,11480,427034,170890,52481
201909,299992,15672,13849,186641,92588,32672
201908,400993,26302,15834,285710,173071,39785
201907,670579,18743,21346,566703,232117,67404
201906,340105,45298,59593,259567,113232,53725
201905,216071,20219,14942,162261,91312,40962
201904,391830,25442,20913,334075,161384,45664
201903,278597,22996,13672,296900,108091,20373
201902,149340,13361,13469,129003,70696,16228
201901,484556,17631,14352,535214,179377,54525
201812,224162,16967,16925,230565,111889,35772
201811,144382,10883,9837,138640,56587,26760
201810,202754,11643,11914,298486,110458,42637
201809,119493,25014,22926,157803,95999,24022
201808,148719,19408,15496,235417,95624,47852
201807,96137,14671,12286,165543,75358,44754
201806,54774,4134,7979,88602,31271,13119
201805,24911,1111,2679,54333,23780,6255
201804,101260,6721,11339,241727,91312,27443
201803,105500,12483,11329,236869,101381,33365
201802,148032,34105,11478,228021,137694,34387
201801,247117,71147,24008,591390,330553,50105
201712,83618,15622,19339,167011,87425,24716
201711,44543,15673,5310,73990,54375,16323
201710,15071,13552,3284,69643,52943,8779
201709,92361,13532,11089,131136,94602,30102
201708,23924,9881,7034,71942,54466,17807
201707,152855,36644,16515,168191,135345,50792
201706,15058,12925,3507,39403,29969,2277
201705,9765,14028,3289,54328,64182,8130
201702,73164,21408,5361,169247,145902,12361
201610,18755,13620,3039,44590,57169,8304
201608,14635,13546,3751,64721,51036,6322
201607,11835,32757,7686,134379,80680,54904
201606,20479,11623,2700,44042,30981,5600
201605,nan,nan,806,nan,nan,2008
201604,45903,13322,5167,105688,74010,13995
201601,125055,39108,6924,236048,173120,21606
201512,5876,1248,925,8800,6729,821
201510,480,200,227,798,846,175
201508,16234,5793,3046,59766,51108,6397
201504,2431,1206,910,7590,11041,4106
201412,4296,2031,1415,10940,19693,6006
201408,13610,9763,7759,96267,75391,148129
201407,1803,577,847,4367,5964,7017
202204,5739,40693,56539,13155,7329,4344135
202107,8506,9927,118377,23826,24411,3341457
202106,15860,6303,141832,31888,22875,2990686
202105,14667,7803,166603,34998,21251,2739324
202104,16364,11284,230895,45400,38736,3079447
202102,11958,6627,157492,32262,44504,2372297
202101,12227,7726,155226,29583,32133,3933467
202012,11494,5969,136057,25521,46292,2757115
202011,12557,6423,125246,23902,47246,3719233
202010,9894,6091,143094,26032,40259,3065657
202009,12280,6406,132147,26829,29502,4201388
202008,18299,12112,209678,43577,51418,5823296
202007,25286,15543,297960,54215,93805,7292843
202006,40532,21886,353078,72515,112392,10636682
202005,18916,9278,194263,37861,42543,3209084
202004,49771,22291,364674,75266,94271,9925447
202003,25477,10908,375113,74340,33886,2770043
202001,62464,20287,583865,104154,93154,11212242
201912,18777,8495,87919,19268,21481,3943463
201911,45620,14767,223477,51686,73298,12802895
201910,22879,9650,161222,35360,69084,7149956
201909,18142,9799,137034,24600,53588,4735801
201908,50207,19899,289570,74397,85530,12876847
201907,9331,5364,63305,15079,22948,3638407
201906,20398,12477,142417,37556,44372,8019949
201905,15226,22782,106300,28502,26070,6729620
201904,17189,20831,93960,25925,21338,4909191
201903,19505,7966,136691,31754,17680,3714468
201902,12486,5136,54700,13901,14920,2614400
201901,22955,10964,104593,28615,26552,5634694
201812,6858,3014,31335,9051,6775,1478540
201811,11753,29674,62150,15079,17319,3693818
201810,22909,15117,87075,18724,18264,3874683
201809,19629,7557,65929,18388,18183,3762522
201808,17870,19251,115555,27052,36845,8079963
201807,23368,15248,119651,26348,26238,5267220
201803,7979,7173,35321,8475,10086,2719956
201802,28406,8245,92186,27680,25601,3570004
201801,4170,3324,25078,4220,8203,1012963
201712,15239,9829,85223,23847,25193,4141400
201711,13161,6207,44570,18633,13478,2684016
201710,17505,7944,55514,22902,22493,3514773
201709,29091,7222,67795,40961,16202,3303600
201708,42473,14370,106632,59118,45713,9386758
201707,45400,8261,96566,51052,39573,8197241
201610,2889,1033,12468,8371,5085,1664150
201609,3301,1180,14889,8591,5912,1257379
201608,4521,2139,26035,14673,11955,3938081
201607,2822,2076,17139,7402,9251,2153243
202205,540293,16936,8904,238235,66426,21887
202204,852108,13697,10279,492959,88091,38837
202203,1382453,27370,17168,916519,172139,83430
202202,844093,35785,13925,364910,96070,28023
202201,1109466,32914,11740,546817,136838,58159
202112,1677898,37701,11605,959547,220674,63461
202111,2149285,57331,17565,1458430,337829,93745
202110,2354381,57072,21680,1160611,246772,93565
202109,1577778,34905,15269,1082411,224389,71627
202108,2467588,41346,20915,1076661,227746,96242
202107,1952817,48438,17691,813254,214055,64853
202106,1349465,28939,14844,647219,135606,39098
202105,882508,30171,8318,421600,95961,27304
202104,1850825,59011,18781,935071,244957,50461
202103,1139274,42158,12354,572389,126124,45763
202102,1882838,61839,28180,1624211,351025,54193
202101,1384324,31960,14914,652025,170502,50124
202012,1888966,56942,22292,1082301,269407,67011
202011,1294818,46715,20875,553819,115214,84597
202010,811972,18493,6892,420213,92018,21786
202009,2163634,51112,19552,1605833,297032,76456
202008,1588112,49128,23784,685509,161455,117560
202007,1733068,53406,26612,951865,172002,93755
202006,1545586,47095,17641,731496,154304,51021
202005,1702922,63249,22292,1070753,194459,73030
202004,1947086,57490,23826,1391538,255320,84359
202003,2322430,180615,32191,1551660,466988,103144
202002,1528375,119026,44012,1144214,238985,156566
202001,830484,46749,13410,685764,159793,43319
201912,1012348,34853,12206,650614,134379,62795
201911,1198750,49084,15891,988911,223098,42351
201910,466979,35731,5937,230962,94450,29422
201909,274733,21558,5921,78698,48533,24535
201908,390657,44030,12714,186005,120853,49179
201907,177531,20420,7958,69460,47348,32557
201906,127942,8302,5287,55684,47288,17060
201905,139170,10356,7508,59333,40720,23519
201904,360562,20762,8089,208992,121410,17958
201903,118744,11255,4088,79244,50626,7773
201902,197816,23316,11566,94031,57195,31105
201901,75602,8161,4227,30549,36409,7846
201812,79957,9585,6201,36182,47484,9732
201811,61631,9179,5758,31201,46939,5347
201810,58628,4621,3103,25037,19083,5786
201809,38091,6236,2892,17678,22722,5983
201808,41319,4451,3511,17956,32342,4685
201807,19697,1705,5503,7386,9085,5767
201806,23979,3130,2201,9548,19864,3004
201805,21095,3440,2420,10076,23309,3037
201804,13344,2019,1601,7167,13409,3300
201803,63327,12824,5110,27339,70167,9590
201802,20532,4463,2681,12990,22294,7227
201801,13422,4944,2607,8104,21224,3652
201712,14778,4118,4436,10865,26785,4456
201711,25121,5160,3352,18246,56702,4375
201710,19068,6606,3825,14019,49849,4927
201709,23961,9294,4666,16841,35946,8120
201708,5336,4987,3862,9184,21313,6049
201707,14457,7151,3604,12882,19855,14077
201706,4669,2406,2838,5618,14412,3720
201705,8778,6048,7414,17001,34654,4323
201704,4115,2404,2304,6126,18514,1631
201703,4455,3497,12102,12193,15545,8148
201702,8161,6803,4151,11735,37847,4917
201701,7824,1861,2283,11489,22038,3355
201612,15589,5914,3116,17566,54678,9171
201611,8544,2825,1703,8288,28218,2793
201610,5731,2708,2320,8264,33213,4428
201609,23677,8311,3373,23675,64628,8665
201608,4764,3997,1993,7794,30129,4465
201607,5609,5214,5038,11917,16482,6996
201606,5213,2470,1340,5898,23470,3833
201605,21970,9577,1692,12556,65787,3369
201604,16050,3087,1298,6792,36601,4860
201603,3956,1624,466,3556,15628,1433
201602,39794,7202,1721,11880,74533,6033
201601,6687,1674,876,4282,15454,4715
202205,323998,8760,7673,71068,27658,16891
202204,1742153,16513,16211,663955,138688,92970
202203,782632,17764,13028,187053,45959,56417
202202,599817,5490,8225,124590,32431,21724
202201,1273474,15218,17477,317510,81596,90941
202112,783246,8952,9785,165662,40590,86141
202111,1579853,22541,19500,401128,115792,83138
202110,2572478,26351,31861,557176,136413,139221
202109,2585076,27925,28002,631473,166916,202510
202108,2517606,32818,35236,456180,143770,126145
202107,2513791,23788,36840,490560,146855,159282
202106,1889459,37820,28369,742883,178543,336533
202105,2360788,30339,32179,439946,120018,211266
202104,1527785,19906,19069,364951,91909,109956
202103,18527,21706,421623,85568,120609,15629007
202102,1969108,38248,34441,492614,143754,160758
202101,2855121,26662,32093,746937,172737,168178
202012,2123859,34024,29711,461953,150640,211657
202011,1813519,58634,30451,426078,129507,201684
202010,1940681,19882,26068,345256,112419,158099
202009,2025875,28101,35459,373322,122624,164468
202008,3126997,39696,66835,668925,208513,354552
202007,2503876,34702,54393,510755,156116,295733
202006,1911189,32886,45499,311084,105865,191396
202005,2231563,37045,347943,375000,116051,524931
202004,2802916,53975,81603,578849,191455,495024
202003,3639898,63427,81805,1294329,299195,565733
202002,3039674,93460,78526,922598,276945,470480
202001,2102413,58355,42007,597602,161609,205816
201912,2450155,62196,47475,937349,236806,273001
201911,1409143,39467,23756,407336,128531,120825
201910,1157710,28033,21454,398606,125773,123844
201909,863250,22617,17862,259184,73339,81339
201908,600699,13682,17501,144156,43560,76145
201907,1121292,52832,21838,356091,98887,129019
201906,577946,16529,20009,156863,48546,90564
201905,445687,6992,16734,125419,35884,48423
201904,329562,8429,11010,103724,32529,42074
201903,227402,5530,12672,70209,18900,29359
201902,199117,4643,9474,60141,16868,31552
201901,180183,3210,7963,43706,11614,20210
201812,108426,3285,6437,27670,7967,13086
201811,89054,2629,5820,26183,7400,13361
201810,96217,2440,5669,32081,7708,14901
201809,11420,263,494,5819,911,1462
202204,5173,2076,53088,14668,7812,1116451
202203,60800,4527,131221,53021,12867,4169714
202202,42891,5272,191900,88052,11666,4677789
202201,40687,7698,342188,98164,34637,7582904
202112,72751,6145,132480,88081,14959,7744132
202111,75437,5714,227517,112432,16532,8790743
202110,89596,7882,160720,129333,20430,9335489
202109,48856,7532,266928,93715,21569,5836337
202108,38195,8609,240852,82520,26829,3894014
202107,79818,8732,140684,98324,23659,6064018
202106,57577,10438,139370,92729,38774,9546412
202105,27726,4612,341884,107959,51025,3711977
202104,21113,3483,107092,61971,8811,4392839
202103,17493,2825,55704,33955,7516,2278453
202102,37031,6715,324399,123364,25876,4867241
202101,29000,3042,77555,55522,8119,3078823
202012,24610,4133,101551,79943,12221,3809178
202011,30248,2625,89102,53227,6664,2550644
202010,9994,2256,31665,21447,5185,1937347
202009,24487,4304,52022,53453,12026,3471277
202008,28354,6044,72855,69154,15513,4138145
202007,16877,6066,66238,43655,13559,3104096
202006,25061,4474,53181,89944,11217,3151613
202005,18994,3309,34730,47727,9353,2474970
202004,28177,6189,49113,64260,28286,2913149
202003,31093,4660,51516,66210,9612,2606252
202002,36148,3331,57401,76476,10064,2338497
202001,34679,5538,72758,64674,15144,4230242
201912,64975,12330,425139,155307,50740,7794276
201911,34070,3191,61732,73322,7870,3644993
201910,23462,2375,35898,48315,5304,2324220
201909,24964,3428,41568,70873,7031,2909340
201908,23379,5359,59901,87030,11148,2972516
201907,12814,3567,42557,67649,7934,2671120
201906,16818,4364,37313,67613,9434,3397562
201905,25995,5596,62172,122957,9816,4101504
201904,23071,3322,51280,101187,7882,2952060
201903,9583,2801,17315,36348,4893,1704763
201902,13355,5462,34852,42468,7067,2047033
201901,22705,9072,76007,65990,19640,3662454
201812,18986,5560,31139,74158,7391,3120754
201811,22534,7444,57047,85274,9396,3630818
201810,25849,9185,55281,110503,13657,4272348
201809,21991,7409,33359,82160,11094,4093793
201808,27831,14787,44137,90851,22356,5295412
201807,36824,12127,48605,95277,15343,5146504
201806,21901,8991,31051,95333,10028,3905490
201805,26534,12039,88797,113996,16996,4746002
201804,13209,5482,17136,47172,5588,2338921
201803,28858,8605,40258,145234,10274,4353110
201802,20607,10176,51007,81471,13542,3257877
201801,37682,10549,43602,190107,15680,6086346
201712,23425,8635,38462,90746,13845,4184296
201711,30629,9192,40989,77538,12514,4258620
201710,23567,7891,27646,76748,12475,3738654
201709,25126,8243,24727,86795,13961,4812481
201708,38815,16651,41848,156030,31167,7058453
201707,27297,13437,29354,122729,25658,5821494
201706,35766,11967,39210,99443,30020,6672600
201705,13740,7152,18171,67944,12840,2690838
201704,16012,6473,21365,106655,24103,2965715
201703,23170,6733,29479,144484,15374,4643348
201702,13884,5633,15969,79745,9963,2732690
201701,22375,6921,32744,95331,15093,3843301
201612,14842,4140,16927,52193,10548,2478635
201611,17125,3351,21868,93984,6105,3145303
201610,3290,1330,6037,22617,2625,638213
201609,13869,3264,18611,87399,8350,2335301
201608,631,488,1860,4757,1715,214494
201607,42237,7712,46878,204804,42990,8705895
201512,755,242,671,2668,386,152036
202205,930398,61435,18688,456165,119345,52396
202204,1878510,55832,30873,890443,183724,100526
202203,1358540,100156,25294,713744,159321,94199
202202,950250,60186,16392,898392,212721,180575
202201,1791217,47148,30113,1339110,388801,155799
202112,3108169,96414,69607,2113593,429105,194569
202111,3843424,141122,53090,2519920,658736,197797
202110,2734095,88982,42691,1307243,267584,158121
202109,2748163,156319,48928,1822802,411403,192026
202108,1146205,101110,27763,487678,104757,98664
202107,1276729,70593,34018,877224,167766,131001
202106,917923,90762,31171,467190,99747,72015
202105,1168767,105307,33742,719745,145624,154191
202104,1721939,96614,33010,960144,209623,97426
202103,1655387,180539,40402,1011356,207268,153156
202102,1277473,63631,22118,509744,130975,109332
202101,2345033,173975,41690,1310339,319972,218497
202012,2300772,133415,44473,1902007,406632,223810
202011,1991155,143514,36708,1120516,226050,152059
202010,1567313,112751,31346,1039045,210780,124370
202009,1470327,92857,29590,852901,173674,137920
202008,1678416,75652,31690,730912,144984,153122
202007,1186485,53394,23453,427273,104827,107799
202006,748682,49815,20244,339625,83523,100058
202005,811822,45678,22344,378369,82104,87640
202004,1524560,61730,43550,756915,169218,201498
202003,2034464,127273,55028,1022364,272131,313790
202002,1121798,166772,26656,658606,181488,147652
202001,343004,53961,11824,140795,46665,55187
201912,547641,55539,25035,227813,70434,82416
201911,811531,81164,22886,405198,118030,92788
201910,691652,74284,23444,541826,117152,96730
201909,492321,67555,18687,235125,70426,88663
201908,598831,84824,36116,302511,113830,161248
201907,441876,61149,25719,247868,74832,106480
201906,182230,8842,11978,123258,23719,46922
201905,76660,5917,6349,34270,8915,22935
201904,265598,17626,16762,195361,46689,60526
201903,208469,17284,12616,132214,31397,37823
201902,143355,22527,12295,100457,31172,36940
201901,378089,52237,32030,311939,74850,94917
201812,256280,45135,25206,199589,58586,66009
201811,92621,13186,8605,50064,15258,24307
201810,129783,17958,19546,119374,24642,42447
201809,169154,46558,20725,159549,43034,66027
201808,235221,107748,25898,215113,78349,91093
201807,39909,8296,5666,21705,8925,15685
201806,78410,20747,10060,53410,26026,34687
201805,77697,16718,9904,43389,24772,32018
201804,41115,10675,6184,30391,10344,16523
201803,54319,13991,6848,34362,17984,19120
201802,40740,6930,6860,29127,7688,13627
201801,47933,14374,10392,35317,20899,19915
201712,34900,9774,5713,27149,14906,14413
201711,27822,5918,2997,20754,8493,14428
201710,15992,4286,1930,14635,6397,8232
201709,27738,7102,3372,19919,7662,13854
201708,36611,4162,3244,33133,6812,12843
201707,24256,4230,3361,17702,6275,10937
201706,19771,4478,2316,11930,4700,8735
201705,7334,847,942,3796,825,3731
202205,210,314,1775,689,143,60945
202204,1552,2246,14469,6149,2993,674344
202203,1929,1837,10182,5619,3848,822778
202202,4129,6476,53925,22426,9813,3619621
202201,73911,2729,2648,18956,11803,3813
202112,4096,4783,37563,19052,8735,2576757
202111,3807,4368,45883,24602,8877,2800732
202110,2576,2978,27514,10520,6353,1115205
202109,3732,3762,28095,12646,4697,1357806
202108,6233,7142,53484,36246,10199,3239037
202107,2090,1364,10405,4742,1959,420957
202106,867,833,5521,2021,1400,220251
202105,347,512,3179,1032,1188,112880
202104,328,336,1850,528,563,110334
202103,473,742,2590,1260,661,251140
202102,2406,4734,21902,6562,8101,613002
202101,90859,4539,3659,26048,16477,8713
202012,4358,1092,7044,1316,2956,748270
202011,8871,2092,21320,8475,4791,650887
202010,1795,1815,18099,6625,2779,648804
202009,4158,4669,44345,12893,5643,1839162
202008,1006,1309,9927,3398,1502,360003
202007,4859,4625,44805,13302,6254,1146880
202006,4647,5887,48902,15633,14235,2213735
202005,4503,8531,41873,10797,8738,1268154
202004,6848,8516,70512,21564,13324,2359895
202003,11300,11527,151470,25819,21522,3263942
202002,33959,21377,223438,70295,51470,6740196
202001,28241,9696,152000,19959,15680,4174485
201912,61582,18252,303399,26531,22339,8269440
202204,85223,11541,1598,19571,35052,681
202203,340107,19503,10976,153505,86873,13647
202202,24153,14347,154655,95852,8588,3254805
202201,415384,19446,10165,149668,133938,23792
202112,68380,2847,2301,31698,18290,982
202111,325781,33692,8038,194715,159055,11602
202110,81076,2386,1746,32087,15862,5758
202109,281712,20629,12074,124735,86824,11436
202108,61017,4665,2306,12939,9574,3278
202107,38427,21790,273808,218573,13489,6631009
202106,356172,19959,10595,193953,151064,6497
202105,269469,21690,19607,165043,142974,15007
202104,106559,4942,5249,42268,27401,2259
202103,364638,19288,11833,220144,148989,12635
202102,1291027,119751,45064,778885,529222,60704
202101,184667,8843,5429,65910,41647,7638
202012,539000,36176,16538,273071,220447,20267
202011,403186,40722,11036,236667,164492,20614
202010,124553,4946,5195,64141,41126,10513
202009,10878,10820,104672,58241,20848,2118207
202008,544244,32104,25851,381308,246221,135507
202007,1021678,106437,60114,639813,435365,103607
202006,294325,15478,12356,163043,120814,33204
202005,368302,20721,19909,223134,159836,38292
202004,50556,1987,2379,22618,14983,1975
202003,676924,106367,27563,507661,359879,82515
202002,243365,18657,11545,158344,151880,14246
202001,146689,8650,6351,81630,55551,7466
201912,205728,18339,7438,152063,111157,10934
201911,286761,24878,12610,199446,151938,15877
201910,22209,9330,98270,70361,11774,2439553
201909,20921,1314,987,11690,8435,639
201908,220334,25119,12001,147085,90771,24318
201907,79049,3289,4805,45800,31070,3485
201906,135200,12058,6565,129590,88563,54605
201905,190267,21987,17081,163845,112911,52004
201904,64097,5770,3869,52475,36757,5688
201903,92389,8178,8016,62915,36000,9861
201902,107606,12222,7779,78916,65518,7280
201901,81406,9973,5621,82461,48309,6570
201812,79177,8017,6384,64374,39116,6699
201811,79054,17672,5170,75196,52118,9840
201810,57069,7300,5988,54916,34551,4172
201809,65276,11731,7984,63897,33644,8967
201808,97165,18128,12482,106472,92957,16442
201807,81894,24976,7986,100180,82689,9116
201806,42621,7772,7832,56462,40715,6003
201804,65476,13473,10613,88889,45443,13092
201803,13311,2509,2603,17269,20809,1474
201802,97541,18029,17476,139477,104018,10833
201801,22391,5995,4827,36788,21257,5158
201712,23131,4562,5109,36440,21272,8430
201711,5675,1588,1533,11875,7858,1776
201710,33397,21341,13772,108448,95679,23155
201709,76057,15050,3581,81235,75248,7494
201708,42144,14744,8537,59025,53351,21967
201707,29532,12367,9208,78230,80321,8441
201706,9317,5182,5066,41448,24522,5057
201705,7839,4714,5361,29358,22344,7686
201704,20006,6827,7539,46546,50037,7370
201703,4164,2596,3268,19776,19886,2583
201702,25733,18901,6595,69061,56817,10823
201701,7568,9790,5487,35639,31276,10304
201612,3591,2945,3457,27795,25780,6315
201611,18079,23822,7969,71332,71131,14044
201610,4107,7370,4244,40330,39491,8824
201609,9853,2021,3973,19074,17339,3476
201608,1496,586,1785,3001,2707,1770
201607,10219,7913,6936,57945,54645,25080
201606,7208,3170,2225,20878,22657,3109
201605,15441,10268,6947,42812,65502,20646
201604,1463,1077,1362,9826,7736,1742
201603,11897,7316,5668,51121,60602,9513
201602,1906,2144,1797,15151,14535,8014
201601,1107,976,1400,5858,9464,2573
201512,1688,1686,2191,9148,10369,4366
201511,3525,3092,3046,16657,27321,9091
201510,3051,2651,2107,13752,23680,3856
201509,6899,4758,2687,17554,40147,9780
201508,28034,10828,3468,53487,76805,14273
201507,7345,2721,1876,18723,28438,5777
201506,7122,1606,2239,13632,25980,20573
201504,1049,323,708,2992,5455,1389
201502,3376,1195,994,8329,17418,2912
201412,1906,285,659,2112,1960,648
201410,982,172,765,3098,5138,2301
201409,821,210,795,2822,7332,4654
201408,25287,6815,2790,21003,47791,20514
201406,2294,1053,1863,6851,19579,31817
201404,1481,377,694,3680,10019,4832
201402,2136,384,1323,2053,2381,6016
201401,1082,437,675,3221,10482,5509
201312,846,556,1019,4711,10462,3753
201310,1732,339,963,3913,15140,7426
201309,1716,237,621,2817,6490,2057
201308,5258,1702,783,5374,8502,2096
201307,3165,798,802,4353,6829,3818
201306,2008,527,534,3110,6934,2862
201302,nan,nan,267,nan,nan,23538
201211,2373,926,2016,7061,19519,18498
201206,nan,nan,823,nan,nan,12401
201202,nan,nan,296,nan,nan,7119
201201,961,58,218,501,742,296
201108,1763,174,545,790,1952,3864
202204,24015,1190,439,11252,5638,1491
202202,457,339,1319,927,375,60869
202201,8945,173,463,1380,1009,258
202112,9036,239,440,2727,1840,335
202111,221,1302,8679,276,2660,1494218
202109,195636,31308,3849,137138,114914,7811
202108,10930,160,501,1460,1006,533
202107,44739,1227,1752,18190,12740,1204
202106,38024,1557,1256,6411,5522,1102
202105,21274,423,557,3696,3738,414
202103,20267,2556,927,4561,4551,1000
202102,28212,597,882,3487,2593,954
202101,32261,1103,2067,1827,1380,2798
202012,66264,1962,1944,10818,15741,1450
202011,39625,16048,1076,10583,15456,1254
202010,39891,2383,1927,9291,6677,1458
202009,1036,977,9225,6275,1369,459168
202008,63798,7560,4680,38263,35646,41482
202007,68385,2697,2499,16239,15483,4364
202006,48210,3136,1596,11934,9847,3769
202005,33752,884,1281,4939,4011,2309
202004,55638,1004,2687,6537,5079,4310
202003,16109,750,903,6675,5569,1230
202002,11393,6003,114603,57908,28120,1879946
202001,5151,3517,35652,18303,8047,603602
201912,49593,6899,2009,21772,22492,5408
201911,38127,1856,1936,13155,10451,6356
201910,63423,3242,1779,21020,12657,3705
201909,131830,11825,5774,71543,56954,12158
201908,428688,53792,14216,413620,208178,35347
201907,102600,4854,6186,62890,58089,12711
201906,17903,735,1121,11554,8332,2323
201905,9461,439,1201,2930,1246,1824
201904,249022,24643,22997,173191,148478,50706
201903,34147,1445,2646,14699,12925,2498
201902,43344,3415,6063,40060,21356,10266
201901,44697,2256,4952,26193,18194,5880
201812,56729,3687,5559,32434,24577,6902
201811,33844,2959,5120,26581,17261,6290
201810,31915,3204,3923,23084,18287,4691
201809,17896,2022,2325,12779,9589,3155
201808,81431,8948,13095,56948,42427,14291
201807,54027,10348,12913,45250,35313,20395
201806,49255,5955,8429,38039,23983,8058
201805,37536,4394,6849,37613,30014,6975
201804,45884,4428,9992,41797,27032,10683
201802,32357,3365,8616,30389,17698,11309
201801,17175,3563,3925,29541,21682,5842
201712,22643,4329,5947,30382,21414,9334
201711,35443,10625,11831,52970,30643,15672
201709,10745,5516,10266,44426,26554,13617
201708,20675,12611,17170,98012,59202,31711
201707,1024,2655,5563,13479,7421,8450
201706,2142,3833,5310,27735,17823,7664
201705,1595,3187,6199,27737,16305,9441
201704,1821,7125,7095,27031,11146,21560
201703,412,1040,3092,11259,6442,4361
201701,36869,42153,31278,219432,202451,104305
201612,949,2820,3917,29288,21033,7837
201611,49464,18621,14312,127615,134761,29926
201610,2403,7283,6937,54451,38048,12803
201609,69993,41563,28612,225417,287517,64835
201607,1992,8324,9961,42140,38403,19789
201606,1334,4610,7872,23165,18566,56108
201604,9052,27267,27178,139800,150823,90495
201603,9350,18678,14858,87872,82323,40462
201602,30420,74813,38373,203344,278169,124323
201601,4737,19797,14481,66377,72584,60484
201512,2125,7329,6095,16615,29334,12819
201511,22670,33819,16538,102661,191388,69249
201510,7985,17252,8940,39473,90158,36706
201509,2566,5556,4456,18257,33775,18345
201508,1005,2115,1395,4315,11628,5297
201507,56412,57801,20089,144734,268149,104704
201506,1393,1979,1493,3914,9099,12781
201505,1711,2759,1553,8161,22465,9622
201504,1417,1597,1189,4085,7985,6080
201501,2013,2133,1532,5198,8189,6850
202205,1375,1720,15943,8118,1028,199730
202204,430175,23170,8808,170726,126413,5219
202202,115401,5995,6395,66076,43405,3215
202201,416406,13344,10655,130982,87304,9200
202112,118431,5453,4296,83168,55282,2353
202111,60425,1716,1558,21146,20911,593
202110,85182,2785,2467,36474,23369,1308
202109,77221,2144,2471,32651,23264,1945
202108,212773,9063,9722,98402,63976,5710
202107,461607,17233,16032,170852,122295,10933
202106,91214,3940,2944,19990,13515,55628
202105,199281,7376,7116,80346,50654,11759
202104,45131,1666,1402,23368,17313,648
202103,487072,44201,16121,396604,290396,13802
202102,635010,57053,23614,516833,352257,19179
202101,257580,15321,10290,149016,97780,12341
202012,483246,35988,14844,263049,229395,22258
202011,48429,936,1489,10831,5668,1034
202010,127427,8648,4764,95624,59503,4460
202009,74963,2639,2625,21926,11795,3164
202008,14944,7257,91432,71288,9098,2350853
202007,82311,6167,2981,42684,31531,5098
202006,70727,5490,3513,51662,36032,2519
202005,84393,4340,8029,59918,28726,11471
202004,87002,3984,3513,57333,30564,2772
202003,14442,9280,158060,117553,12764,2864671
202002,121520,13790,12619,94375,55929,126110
202001,34891,14238,303328,214884,28408,5368348
201912,65486,4922,2195,29986,16931,6598
201910,79233,6808,2662,49648,25750,8233
201909,89267,4716,3764,68741,28300,4253
201908,105879,6598,3239,84584,62183,4515
201907,109965,5084,4785,105833,50991,3099
201906,49004,2712,1983,42960,26724,1911
201905,22228,1255,1297,18672,6163,332
201904,48632,2500,2830,39821,12086,1935
201903,118640,16254,5596,119912,87497,11382
201902,155567,22720,9527,181597,125802,9871
201812,199171,24868,11372,242624,173302,13696
201811,52297,4920,3312,64516,37083,2358
201810,74333,19528,6579,104087,67897,12003
201809,41954,3013,3054,46205,19055,2695
201808,67737,8444,8200,75413,43420,6430
201807,57988,11472,8245,76875,35944,6457
201806,33100,5298,4881,59848,28857,3439
201805,17261,2797,2939,31945,17517,2554
201804,59260,13526,8422,113498,77714,6164
201803,18714,2725,4269,45494,17919,5696
201802,14067,2507,2867,16578,12615,1443
201801,86529,20001,13057,172133,132601,13451
201712,28744,6367,5721,58803,39002,4476
201710,20048,5978,7639,68538,36338,7106
201709,38193,16474,9932,101097,76320,15132
201708,87007,87951,24335,299784,310331,59871
201707,4663,3927,3909,30126,23596,5312
201706,96782,20794,15362,190814,205047,33826
201705,2048,1821,2087,21839,11625,2601
201704,2409,2327,4770,28625,17367,3576
201703,8493,8611,7538,64283,54784,13707
201702,13852,10794,9199,88087,77410,12160
201701,13462,9152,5776,63968,55570,8226
201612,19623,16848,10490,115990,100090,24767
201611,1791,986,1356,9526,8223,1714
201610,4283,4102,5202,41298,32155,5704
201609,28597,17774,19655,164105,151755,22115
201608,36924,28546,10575,83272,103461,18935
201607,734,2358,3117,15072,14894,4097
201605,421,750,1110,5760,5252,1098
201604,1280,2187,3238,18410,15303,4733
201603,12580,10936,7470,62723,67961,12517
201602,3915,6570,4496,31875,35495,8134
201601,16525,9283,7610,66610,62546,13747
201512,2670,3374,3317,12448,18680,10796
201511,6415,3521,4235,23265,37421,10222
201510,2896,1100,2218,10713,14957,4341
201509,7294,2906,2617,14824,25592,6895
201508,13878,4365,6357,41779,66213,14910
201507,4983,1171,2969,10347,12974,8494
201506,3480,1368,1429,12312,15756,4188
201505,5214,1761,3817,17429,27581,16626
201504,25216,6212,5951,27991,31989,34819
201503,6110,2201,4564,20274,36251,15841
201502,1123,315,867,3817,7269,3824
201501,4551,1348,1209,5068,9945,3261
201412,1416,523,1204,4856,8661,4621
201411,1016,141,465,2543,3723,1782
201409,2643,577,640,3594,4476,1715
201408,2217,714,1802,7808,13816,9793
201407,12584,2396,2818,14188,27513,15220
201406,5694,2015,1771,13254,26197,9616
201405,1861,504,607,5678,6822,2784
201404,453,110,487,1403,4309,5211
201401,430,88,303,1542,2780,1435
201312,1689,390,770,4988,9273,4574
201310,829,122,433,2562,4243,1880
201309,3807,855,1009,7303,14265,4450
201308,536,112,379,2050,3622,1737
201307,366,83,74,644,735,354
201306,1093,276,712,2335,3991,3964
201305,1051,306,627,3142,5117,3205
201303,763,173,510,1350,2921,2313
201302,787,63,378,1165,2173,5866
201301,758,113,563,2635,3795,3063
201212,828,358,496,2007,2226,3962
201211,827,193,365,1534,2991,1671
201210,4144,1045,1645,5852,12309,7233
201209,3556,852,2219,9206,16756,10432
201207,1772,403,482,2753,3898,1559
201206,617,41,190,564,426,391
201204,3026,425,869,3196,6039,3151
201203,1147,163,421,1348,2202,1050
201202,1479,163,401,1491,1583,935
202205,44189,20811,155965,126674,13899,4282468
202204,42548,24776,378004,152021,21089,6819002
202203,60412,37521,211384,244457,28321,11193263
202202,39214,20330,112091,140759,16337,7151776
202201,114157,49352,199410,339434,43616,13080236
202112,112811,36506,216382,296421,38281,13017310
202111,87085,39560,245446,381390,42384,15764761
202110,103100,79349,524245,732942,56640,23687275
202109,84559,33199,167760,312651,31816,14709072
202108,101233,64792,418236,473696,48199,20373068
202107,110926,53696,372798,469075,62084,19759521
202106,119393,59584,589898,627380,61324,23605921
202105,163522,61379,868340,664638,54199,26302022
202104,93679,31506,468218,542072,37279,16232763
202103,85653,30870,374648,505368,31604,21242610
202102,67121,26192,175815,179216,35280,10519272
202101,52659,18382,292064,304383,23142,10237115
202012,35856,9331,95810,103928,15453,4235829
202011,86770,8940,94932,122056,12872,4559571
202010,13136,2533,39661,66514,4199,2162481
202009,5432,1276,16069,23579,1610,1003625
202008,23629,5902,74280,112380,12824,3765881
202007,2722,2046,7662,10598,6934,511247
202006,21591,16638,80560,76491,61257,2988375
202005,7876,15711,32478,53613,25176,358292
202004,11999,8159,53566,66374,22494,1683570
202003,8186,5524,17301,45022,12783,1224394
202002,nan,7133,nan,nan,6947,1761983
202205,26821,19082,557877,220433,71585,11731280
202204,45058,24591,820187,362337,83335,21128486
202203,25381,13988,423431,220471,36795,10483311
202202,58779,25906,1019180,485471,67864,18598346
202201,68334,37826,1311335,482784,146139,22377549
202112,8566,10056,271282,124368,50638,10645049
202111,163537,89851,3612787,1165244,396353,42744378
202110,154939,55287,1751765,822202,182888,32470852
202109,40810,25707,621963,296579,127477,23740549
202108,65210,44441,600358,273181,204639,26135419
202107,80922,51564,1350531,562703,241793,35572738
202106,80279,49959,1259678,559631,156936,33977959
202105,83359,39330,1287502,582999,142869,34103393
202104,1876010,53853,30683,741443,418208,67456
202103,128330,45157,1203526,559923,224338,35319182
202102,125639,114369,3562178,1333781,482378,51771909
202101,30852,94833,552663,263622,140990,32980922
202012,111995,50964,1251795,609327,178799,30160425
202011,111022,45853,1370797,624958,222249,33546469
202010,45931,57072,1288506,396516,604145,50534318
202009,44174,74006,1365946,358775,992897,51935082
202008,116795,164292,1914470,630678,1637789,71498699
202007,193548,196161,3630499,1326573,1784670,83220508
202006,134079,65149,1718404,761430,439555,44206174
202005,168463,91712,1615625,846778,417108,51736064
202004,102131,199004,2124174,859079,824834,54008190
202003,127585,111600,2017542,849651,615573,50649857
202002,69814,64213,2061710,669742,380012,39312858
202001,282619,74767,2819063,1296595,599607,62822340
201912,91142,24580,1323956,609252,257536,40720781
201911,185921,22487,1026453,541243,323123,38943916
201910,53166,31521,1003113,452232,215476,35328103
201909,153718,28135,1099596,614605,200860,32416904
201908,218818,135240,3697531,1525166,839483,62750685
201907,57841,53476,1452158,599589,435063,40854848
201906,183078,66234,2863000,1260491,460280,66735832
201905,47806,37790,910584,432291,172312,35775237
201904,49015,26965,1858596,812180,168436,33685901
201903,122045,28957,2247930,966391,170700,42697730
201902,90754,43353,1153893,575436,191869,29058258
201901,76505,33593,1009360,538197,197080,32799485
201812,119387,23469,733440,408336,104105,36720569
201811,37427,12398,581886,330796,85650,19793646
201810,70258,16327,496860,276279,110429,28591846
201809,33132,12410,320739,165939,44941,14549639
201808,36782,37227,582832,288251,143233,25983703
201807,37753,17946,254127,179150,82008,17919581
201806,13826,6141,60298,33997,33348,6727091
201805,25426,14881,226177,151539,49680,11299359
201804,35268,15791,257107,185406,56444,13541651
201803,53507,15852,306601,227947,75142,15726738
201802,89057,29455,323498,168791,84514,17726785
201801,33220,11697,87591,60315,34297,9108528
201712,22933,3909,88084,54805,25015,6421593
201711,19285,10422,97462,57626,51399,9692737
201710,4514,6611,43170,13859,19704,4195510
201709,40881,21337,217280,131435,64486,9981608
201708,25346,35298,296080,85982,153685,12835069
201707,53424,46058,277318,120846,201147,18262102
201706,41360,18243,185642,131503,119308,7128865
201705,14581,5117,27806,28810,36122,4277615
201704,58347,15194,138186,117090,63232,10705558
201703,2669,2904,14779,6525,9946,1476631
201702,684,2332,10107,3406,5509,1017107
201701,54687,18729,166394,121156,77591,11493665
201610,35837,20944,260533,155344,56079,11954258
201609,2498,4307,11782,22965,62280,2728345
201608,10184,18706,53911,35437,60214,6995447
201607,6091,9269,36208,25245,42807,5339285
201606,2045,3944,7177,7572,11447,789278
201605,3680,4480,17754,11439,29852,2274523
201604,9285,4898,29678,28821,37557,4176675
201603,3530,4574,17366,17177,12180,2374598
201602,6546,10164,58361,36803,72985,5276732
201601,4499,4983,24242,10719,24874,2994761
201512,397,2228,3100,6473,7024,3112231
201511,2371,2485,12320,7638,12930,1793674
201510,4812,10921,21259,19493,110986,3792656
201509,693,4164,5138,6266,11626,2123803
201508,7551,13041,38051,35578,85336,8159357
201507,13273,17153,61380,101587,319577,13587270
201506,8632,12201,37030,34514,66961,8615360
201408,5479,15639,31354,35672,155131,7898586
201407,2262,4188,15007,14616,82164,5039522
201405,1773,1607,8043,10360,46150,1920808
201404,2167,2699,13315,16138,71096,4424134
201403,572,2087,3743,6468,48690,2926253
201402,1558,2188,5790,10460,36629,2465319
201401,470,1946,7691,7931,52592,2653190
201312,183,855,3698,3288,28130,1027655
201311,1899,6011,18032,19274,95224,5333172
202205,19638,16537,274580,125929,130823,7714728
202204,40688,38341,509595,238799,193450,15897726
202203,36139,25528,341498,156632,162297,15469101
202202,26526,30724,495445,241236,162519,11460938
202201,50760,34799,732073,298378,258389,17489011
202112,34449,30839,429907,166823,139494,17320776
202111,71676,48715,1559911,536690,289150,24933836
202110,148526,62794,1121071,405812,213031,26334194
202109,43431,36987,533984,238021,168470,20913670
202108,26934,42693,394424,218796,185894,18655257
202107,13649,19930,238854,122523,94230,11170051
202106,19213,26785,270732,150638,130851,13543318
202105,32776,29060,281653,169636,127543,14512098
202104,19861,30279,326711,177508,146994,13744156
202103,30784,35448,420951,241373,122415,13988161
202102,38088,69269,664847,306914,454963,25600406
202101,31649,103895,502467,255246,211933,28687987
202012,127164,54242,1050752,565041,276509,29128266
202011,80544,41827,524387,300500,184788,19912386
202010,26284,50041,845062,196890,640805,37479966
202009,29920,65422,1073542,246717,951653,47547551
202008,2691424,32833,128150,1366542,344608,1531508
202007,60502,142961,1802198,439151,1561751,61545008
202006,59838,46433,764185,427502,249833,28564282
202005,68180,75201,874308,489102,332845,29940370
202004,83339,79016,820651,469118,447823,29448617
202003,56355,101977,709282,335775,688788,33055238
202002,59307,53275,632938,271748,585587,26181653
202001,266914,73157,2244122,1178819,710513,53661723
201912,146925,45704,1705773,730965,554489,42352372
201911,17284,14802,172633,92903,95586,13964908
201910,22891,18409,218106,124426,118027,13768337
201909,31277,17512,191779,112205,134232,16396111
201908,47783,37722,573632,308914,384565,27650674
201907,32517,34788,554044,198977,259514,20823269
201906,17054,26705,408430,139120,203560,14404787
201905,12970,28200,307131,121308,158761,14408466
201904,15121,18135,194661,97265,89552,9398278
201903,20657,38227,676744,157576,213942,13270261
201902,58160,47493,339531,144041,211784,18382817
201901,17110,57419,260560,78824,202097,11182110
201812,11374,26674,279145,80034,104080,11529633
201811,13230,46468,243233,70700,120398,11041436
201810,21825,47534,293678,71337,149246,11211597
201809,27583,39763,345265,86940,188937,16774882
201808,24332,67374,392329,88721,305652,20385616
201807,37794,58153,475579,86147,309081,18685973
202205,569767,19583,10455,246507,95761,36677
202204,1121602,46733,20857,442146,208914,104089
202203,562542,21651,7599,285212,106769,60021
202202,1580914,59274,27619,1145070,465180,339967
202201,1420082,34445,29132,578903,217736,155006
202112,952032,26967,20334,376294,134872,100798
202111,903881,27383,16090,278375,111363,80352
202110,1398902,23353,25717,414336,175492,161812
202109,2388651,29852,29933,724220,244091,147373
202108,1460951,30479,28318,585106,213727,122556
202107,1667762,82917,49753,510507,223161,137315
202106,1493284,77056,22048,465912,201740,122366
202105,1821624,58082,20063,479699,209046,90882
202104,2528150,77593,32922,893642,328295,215296
202103,2021726,55286,22739,615442,227048,140892
202102,3368306,142247,58856,1921193,810619,430347
202101,2738408,194661,38255,1485132,574396,165496
202012,2006788,59468,19908,846388,321806,77139
202011,2159341,78325,21948,1135335,355977,107892
202010,2478173,41776,20914,1424778,419969,106902
202009,2757782,65565,27959,1126027,399124,156217
202008,2384502,77588,39360,834532,310626,243558
202007,2223675,64976,34606,688792,270526,210722
202006,2645245,122686,43525,990103,389163,293088
202005,3824527,125740,58250,988084,435441,320401
202004,3228228,154996,47337,835422,381056,280229
202003,3092905,257353,39645,846485,398546,315813
202002,1194763,83636,13310,343136,149066,139856
202001,927609,22268,12743,411787,189950,212552
201912,922498,39669,8232,608671,223485,93835
201911,879856,23808,9575,304012,138058,105021
201910,894661,46674,8527,526678,206721,77059
201909,812876,28032,11173,453188,214614,62195
201908,892158,24503,11762,638190,227945,59431
201907,1051261,32020,14238,841198,292219,115134
201906,581433,30579,6863,374316,164011,76345
201905,183083,6122,5247,54503,37602,50178
201904,269532,22458,5011,97963,82634,94563
201903,121544,5387,4994,49798,25568,34974
201902,169317,19412,5646,83685,51792,45571
201901,79049,3313,6645,35924,24116,49441
201812,118990,5873,9022,55589,24574,60856
201811,40992,1530,1490,31062,12546,12433
201810,22241,1348,1328,18237,5888,14094
201809,47704,1969,2355,12284,6736,17765
201808,23026,2509,2723,10666,4670,26363
201807,47432,5448,2961,34868,13298,16961
201806,19987,1383,1063,21404,6317,8932
201805,61115,1619,1542,42386,12540,25033
201804,16884,913,1582,9639,6047,7531
201803,4140,752,368,2563,1655,2247
201802,12919,3412,1750,14079,5204,14817
201801,23764,6597,1638,10929,8689,14497
201712,5559,1102,880,4724,3222,5813
201711,5372,298,874,2453,2066,7743
201710,3530,213,730,1340,919,6142
201709,1797,173,613,492,613,2575
201708,9879,1187,1738,3310,4757,8685
201707,427,39,163,209,163,774
201706,1613,121,1252,815,920,1774
201705,2920,175,466,1115,823,1885
201703,1175,54,128,248,257,454
201702,9282,632,895,2601,4203,4545
201701,4170,604,638,1294,1537,4023
201612,1108,91,226,592,648,1557
201611,333,27,87,370,191,452
201610,2370,222,379,1210,1110,1631
201609,2411,152,244,731,1011,1865
201608,13953,922,1208,3898,7007,8552
201607,1942,181,395,839,1076,2568
201606,1873,214,233,614,886,1849
201605,3655,478,447,1281,2601,1831
201604,1430,68,137,668,505,1609
201603,3999,55,293,697,731,1396
201602,2530,224,355,834,1330,3296
201601,7130,441,568,1760,3337,6023
201512,1065,156,135,406,741,1598
201510,2180,112,196,689,1035,2308
201509,918,43,88,241,311,752
201508,1277,85,131,470,801,533
201507,3071,128,389,818,802,2021
201506,12771,237,1362,1759,2208,3789
202205,1126,3558,22298,9093,3165,1061181
202204,2058,2936,45357,20155,6803,2549641
202203,4960,3706,72858,23022,8841,2340817
202202,3320,7179,94849,34111,11460,4728894
202201,3042,4696,47706,18613,6301,3011411
202112,2420,3772,84663,24619,11203,2809634
202111,3457,4738,50242,19993,10333,3035124
202110,2451,4411,92430,32302,10738,3748125
202109,4845,6576,98899,38771,15974,4697814
202108,6937,11537,106474,41322,25734,5248536
202107,5226,8125,191836,52326,20983,4979844
202106,2565,2632,89833,27262,7643,2356809
202105,2718,11747,59697,23055,13580,3473752
202104,8209,21907,225227,76278,36757,7828285
202103,8328,19147,115617,43846,24301,5577150
202102,30655,23028,256987,115585,63299,13586634
202101,5033,9931,165208,55454,28371,7345257
202012,18277,18433,155829,59456,40304,8881050
202011,27538,25732,164615,72550,56501,12205088
202010,8479,34784,165809,62122,35245,11181533
202009,15637,20056,188376,66332,50070,10799754
202008,13084,46272,236962,96543,72421,15968134
202007,44364,72517,1311738,360034,145630,26331712
202006,3479,6127,33892,11597,6608,2209267
202005,9250,15298,114492,38336,59265,6137493
202004,39776,50152,2069521,498233,162574,20563600
202003,15137,7746,207956,71908,28672,5044972
202002,36518,19019,650689,182502,104975,13368872
202001,25070,15028,340525,109837,66858,10667808
201911,2604,5727,57449,16658,5482,3646052
201910,20239,34588,482411,138759,71042,12718149
201909,35603,16788,608281,178629,67750,12881026
201908,8007,7454,419066,94719,42010,4593259
201907,15505,48570,540507,143609,92003,16781105
201906,21929,20930,653301,161798,81066,13501834
201905,12338,46699,379524,92848,55302,11722327
201904,12554,16520,400714,94872,46022,8489782
201903,11786,16520,424222,103073,34662,9526005
201902,4265,12281,314829,61669,24573,8146852
201901,22999,37774,600195,109356,70128,16791378
201812,28007,41501,531318,118509,56942,14260780
201811,15767,34613,797312,132726,68717,14368682
201810,3788,7217,277078,26052,21933,3092007
201809,14944,15017,491092,47566,39132,9504489
201808,17965,54580,1111002,113529,139821,24294373
201807,54577,73282,1697877,229374,232211,9580072
201806,10951,23513,339839,32280,51799,8083834
201805,14507,25960,643545,69933,75511,8682485
201804,36603,32114,544185,78086,69026,12986558
201803,13000,36277,765880,135601,110258,13900142
201802,764,5111,29572,5454,13863,1077629
201801,768,4162,27121,3889,9545,1360798
201712,11043,20260,730213,53654,75648,8698079
201711,9358,15547,408312,40937,45150,8097038
201710,8833,21443,304336,26343,70282,6031307
201709,12341,35380,437398,39479,85325,8909468
201708,4240,21328,282076,23756,46560,5873458
201707,34035,77541,1923745,206781,335894,14381096
201706,12546,27363,473514,45839,145890,11821633
201705,9909,40656,928989,53595,104688,8396266
201704,8551,28136,245727,28102,81605,8507418
201703,16263,30513,172462,48537,131271,10967546
201701,11403,55953,186389,25758,61663,9499996
201612,36913,46456,711714,53789,179799,16204161
201611,21897,35299,320408,52473,105341,13452127
201610,3440,15757,108419,13832,56744,5659464
201609,19686,31652,211588,68761,196722,15320852
201608,31693,58843,1110395,131213,228468,12354475
201607,26519,70030,272337,67516,230549,16939224
201606,29087,25361,175538,78842,198964,12939528
201605,6459,23064,153172,24648,78007,7683162
201604,6202,11736,69642,27777,82929,8182406
201603,3811,7683,39517,11735,50516,3905426
201602,28479,13538,105836,66874,132687,11153590
201601,4646,3911,16033,9784,23185,2697104
201512,8994,6846,26444,20213,58950,5059491
201510,8515,10851,27053,20545,100062,5460632
201509,12221,25547,70589,32835,146171,9741909
201508,1429,18531,47141,18197,364900,6571287
201507,4270,28624,47196,29083,360100,11999542
201506,814,6067,8189,8903,153059,3518817
201505,2103,6682,21474,15600,63004,5842690
201504,4657,8722,21377,21516,111207,8198097
201503,11992,10869,73773,46640,231760,10984109
201502,3754,20768,24819,37035,536080,12201364
201501,9185,21267,26877,50663,449068,16702600
201412,1392,8245,10674,9734,96544,4606533
201411,771,7728,13240,13176,203924,5813763
201410,1023,12794,16265,19967,429617,12583100
201409,7994,21003,184761,64499,514060,21077276
201408,5871,43624,68986,57364,1403486,23203533
201407,4405,5491,19260,23648,142180,8755841
201406,10461,7638,20703,34717,132792,6485698
201404,361,5588,6220,5137,76788,3923107
201403,5663,7910,10805,24220,233892,5861677
201402,1420,1795,7554,9405,59410,2186796
201401,440,2131,1908,3412,20621,1895490
201312,25732,32878,110735,83173,128225,6133155
201311,733,5170,5418,10668,114439,5510731
201310,1708,5234,7676,13118,145184,7942924
201309,1127,3365,5012,9509,123218,4837427
201308,5949,2806,18070,21342,57375,6417452
201307,1311,2626,7303,12556,179570,4953430
201306,1318,3533,5367,9080,80217,4258658
201305,205,994,968,1890,43032,1354027
201304,63,267,551,1381,12196,893866
201303,1909,1635,4013,9959,21192,2693429
201302,164,1044,1766,3519,45474,2697173
201301,6602,9150,10669,24832,167857,10353365
201212,1608,5106,7342,19028,75002,7885024
201210,853,3002,7454,9665,90997,5631110
201209,53,352,728,854,6692,743072
201208,58,864,875,1088,22828,1283336
201206,418,1540,2075,3956,44758,2022297
201205,1195,2788,4122,9690,70182,3337881
201204,530,2454,3074,6085,57948,2937320
201203,1082,2355,3058,7819,80834,3598291
201110,747,2306,2428,3681,32112,2531567
201105,113,816,761,1802,3304,516273
202205,3019,5870,84429,39722,13871,1406525
202204,53319,22773,545593,290857,50171,6092347
202203,6590,6699,126830,58245,16006,3316564
202202,13056,11783,306140,139764,74808,5483944
202201,55888,36084,1247104,434275,154094,12627470
202112,3826,6796,144378,68634,19985,3839319
202111,44901,23980,1254468,397886,118015,11138433
202110,175725,71425,1806320,874667,225446,33486481
202109,34608,20768,509722,247476,86291,10418639
202108,7932,13408,165870,81298,47715,4118774
202107,22729,34694,382970,186851,213787,9161250
202106,11031,10709,183114,89914,44220,4909157
202105,1056187,37586,24839,522314,293031,78545
202104,23978,29576,459482,220500,168487,8179771
202103,9703,10375,187680,82754,43288,2907240
202102,33965,51242,637002,325509,240513,17862074
202101,44334,32292,578343,321314,102627,12750879
202012,136393,65422,992616,610767,281253,23461762
202011,29446,12324,221584,120274,52851,8080380
202010,50276,55796,1101372,364310,590136,37788349
202009,27852,62727,979415,207070,891602,45247570
202008,58072,118812,1330579,333890,1438644,48239576
202007,131608,151858,2267284,746978,1504052,57560763
202006,55957,23452,421244,232613,134339,15413773
202005,159618,75665,1607466,967572,275225,35288971
202004,95900,61215,893960,466686,311640,22310180
202003,48024,41231,570639,251020,275908,12502472
202002,35976,28263,368861,208807,192097,10676280
202001,238897,54629,1756623,978116,595133,35686078
201912,13315,9284,235502,94484,51648,8101102
201911,13082,7619,208578,83986,47063,5105661
201910,23105,10953,267562,99688,73418,6065865
201909,144701,23386,992109,552814,123051,19496520
201908,69929,23765,680693,390732,74149,10768589
201907,142500,58528,714685,407664,315443,28475272
201906,83922,26852,535621,290660,138130,15722164
201905,35394,18989,282324,128725,100132,9141721
201904,18728,16441,165971,77259,79813,7413041
201903,79411,23175,351040,192219,276815,9765654
201902,27985,11369,193117,74829,43916,4869936
201901,34144,17298,324409,135008,83225,7362069
201812,19050,9599,162988,76058,22818,6955138
201811,20137,31688,309774,111154,67387,7412629
201810,6392,6131,84039,28205,35734,1850646
201809,21109,17732,164062,78985,86285,6246619
201808,10299,13558,126254,40990,49618,2867089
201807,19608,11895,121557,35145,54130,2506488
201806,32229,10802,103751,49903,29405,5284187
201805,32409,15038,159735,63285,45590,4357958
201803,40074,16847,158046,61267,82106,7220393
201802,72915,25710,250786,101369,102213,12051830
201801,78736,8132,114084,73398,32518,5613931
201712,285540,26061,409513,340083,104070,23779652
201711,23886,4471,125644,47206,29276,5038713
201710,5136,5543,54659,16725,24823,2267676
201709,5355,3433,36755,10389,12716,1675346
201708,7894,8330,59238,22450,42950,2107519
201707,4253,5987,59477,13751,22369,1845973
201706,3130,4112,25256,4900,9121,1092391
201705,2237,1541,11806,2274,4705,425991
201704,8646,5176,56379,16305,15410,2018173
201703,12532,3643,55727,30835,28188,4225238
201702,5857,4859,38431,19256,15347,2608222
201701,5084,7094,49819,21207,43984,3096886
201612,5703,4821,105586,27382,10158,3305585
201611,1290,2252,11741,4111,2761,946221
201610,422,1301,5013,2002,4778,672375
201609,2940,3217,21422,12147,7735,1675912
201608,7159,3974,37992,22200,19318,2779274
201607,3388,3208,34862,14034,13333,1176364
201606,nan,2483,nan,nan,5074,612882
201605,2928,2134,14717,6326,5971,955276
201604,4916,1529,17448,11392,5949,842298
201602,7541,3488,27394,19929,23607,1808311
201512,4997,1158,12473,11174,7656,931709
201510,21835,3196,33198,40503,13313,2918145
201508,1319,861,8678,2812,6813,642052
201507,323,667,2958,3045,11458,549455
201506,1540,558,4459,2324,3440,363407
201502,294,417,4150,1284,3191,263209
201408,485,868,12007,2792,16733,494434
201406,373,1200,10437,2223,7065,728262
201405,205,534,1652,1064,1761,312562
201404,222,198,2076,887,1170,229636
201401,149,237,1758,765,2712,118325
201311,101,345,1306,642,940,130951
201310,123,424,1871,1320,3124,337986
201309,75,160,1010,588,2166,97730
201308,1166,6992,16548,7253,38626,1012810
